City,Lat,Lng,Max Temp,Humidity,Cloudiness,Wind Speed,Country,Date
mataura,-46.1927,168.8643,46.47,93,100,2.26,NZ,1661546023
cherskiy,68.75,161.3,40.51,79,100,4.36,RU,1661546024
rio gallegos,-51.6226,-69.2181,39.25,45,20,31.07,AR,1661546024
bengkulu,-3.8004,102.2655,74.35,91,100,4.29,ID,1661546024
sinjai,-5.1241,120.253,75.67,90,91,2.91,ID,1661546025
qaanaaq,77.484,-69.3632,39.67,60,87,3.13,GL,1661545853
coquimbo,-29.9533,-71.3436,55.13,87,100,6.91,CL,1661546005
saint-philippe,-21.3585,55.7679,69.39,81,38,14.41,RE,1661545858
west lafayette,40.4259,-86.9081,84.58,62,100,6.91,US,1661546026
leningradskiy,69.3833,178.4167,36.09,94,100,4.56,RU,1661546027
rikitea,-23.1203,-134.9692,69.51,58,49,24.32,PF,1661546027
san patricio,28.017,-97.5169,94.15,48,24,9.91,US,1661546028
namatanai,-3.6667,152.4333,79.43,79,85,8.57,PG,1661546028
punta arenas,-53.15,-70.9167,33.91,80,40,33.38,CL,1661546028
lorengau,-2.0226,147.2712,81.5,79,39,10.33,PG,1661546029
ushuaia,-54.8,-68.3,33.42,74,75,13.8,AR,1661545877
torbay,47.6666,-52.7314,75.97,74,75,5.75,CA,1661546030
kapaa,22.0752,-159.319,84.09,72,0,10.36,US,1661546030
tuktoyaktuk,69.4541,-133.0374,57.2,88,40,11.5,CA,1661546031
salalah,17.0151,54.0924,77.09,94,75,6.91,OM,1661546031
butaritari,3.0707,172.7902,81.59,78,33,12.95,KI,1661546032
barrow,71.2906,-156.7887,39.22,100,100,10.36,US,1661546032
leua,48.2156,18.6071,77.5,65,6,4.85,SK,1661546033
kodiak,57.79,-152.4072,60.31,77,20,6.91,US,1661545932
kieta,-6.2167,155.6333,79.43,83,32,4.9,PG,1661546034
hobart,-42.8794,147.3294,48.25,94,75,5.75,AU,1661545995
petropavlovsk-kamchatskiy,53.0452,158.6483,50.59,93,0,11.18,RU,1661546034
henties bay,-22.116,14.2845,53.71,92,1,9.84,NA,1661546035
ancud,-41.8697,-73.8203,44.22,78,94,17.78,CL,1661545760
vila velha,-20.3297,-40.2925,75.15,77,40,13.8,BR,1661545759
apatou,5.155,-54.3472,79.23,82,100,3.24,GF,1661546036
yar-sale,66.8333,70.8333,45.0,73,100,10.04,RU,1661546037
gizo,-8.103,156.8419,81.5,74,95,10.33,SB,1661546037
dioknisi,41.6293,42.3917,67.95,52,1,5.59,GE,1661546037
rzhaksa,52.1338,42.0264,69.84,33,100,9.69,RU,1661546038
khatanga,71.9667,102.5,31.93,85,100,10.38,RU,1661546038
thinadhoo,0.5333,72.9333,80.19,70,100,6.13,MV,1661546039
hermanus,-34.4187,19.2345,53.01,79,7,16.06,ZA,1661546039
la ronge,55.1001,-105.2842,86.22,24,20,14.97,CA,1661546040
hasaki,35.7333,140.8333,77.4,90,100,13.44,JP,1661546041
ulkan,57.243,107.3223,48.34,98,95,1.99,RU,1661546041
hualmay,-11.0964,-77.6139,65.62,71,5,13.15,PE,1661546042
castro,-24.7911,-50.0119,63.18,60,2,2.48,BR,1661546042
busselton,-33.65,115.3333,54.91,84,54,18.05,AU,1661546043
sorland,67.667,12.6934,53.46,92,100,12.57,NO,1661546044
bethel,41.3712,-73.414,86.36,70,75,17.27,US,1661546044
christchurch,-43.5333,172.6333,45.41,89,1,4.61,NZ,1661546045
kibondo,-3.5864,30.7203,72.14,37,99,3.42,TZ,1661546045
viana,-20.3903,-40.4961,74.97,74,57,5.59,BR,1661546046
albany,42.6001,-73.9662,80.28,74,100,9.55,US,1661545801
guerrero negro,27.9769,-114.0611,80.35,62,11,17.18,MX,1661546046
jamestown,42.097,-79.2353,79.02,76,100,12.66,US,1661545950
nanortalik,60.1432,-45.2371,44.67,97,100,4.12,GL,1661546047
deputatskiy,69.3,139.9,43.23,68,95,3.38,RU,1661546048
usinsk,65.9939,57.5281,47.55,75,100,14.45,RU,1661546048
arlit,18.7369,7.3853,90.45,35,48,8.21,NE,1661546048
bluff,-46.6,168.3333,46.8,86,100,9.28,NZ,1661546049
port alfred,-33.5906,26.891,60.12,86,32,3.06,ZA,1661546049
bathsheba,13.2167,-59.5167,79.41,94,75,9.22,BB,1661546050
klaksvik,62.2266,-6.589,50.92,86,100,10.71,FO,1661546050
goma,-1.6792,29.2228,67.03,67,99,1.83,CD,1661546051
santo amaro das brotas,-10.7889,-37.0544,78.26,85,72,9.55,BR,1661546051
kokomo,40.4864,-86.1336,82.02,59,40,8.05,US,1661546052
georgetown,5.4112,100.3354,82.33,89,20,4.61,MY,1661546052
vaini,-21.2,-175.2,77.16,88,20,8.05,TO,1661546053
aquiraz,-3.9014,-38.3911,82.49,78,86,10.29,BR,1661546053
fuerte olimpo,-21.0415,-57.8738,92.57,20,0,5.12,PY,1661546054
vardo,70.3705,31.1107,66.18,72,0,11.5,NO,1661546054
hashtgerd,35.9642,50.6858,73.24,28,0,1.59,IR,1661546055
sibiti,-3.6819,13.3499,72.55,71,73,6.04,CG,1661546055
chuy,-33.6971,-53.4616,65.55,86,78,6.15,UY,1661545801
cape town,-33.9258,18.4232,56.08,78,75,11.5,ZA,1661546056
hellvik,59.9156,5.781,59.77,85,95,4.0,NO,1661546057
mae ramat,16.984,98.5166,76.8,99,100,0.83,TH,1661546057
amiens,49.9,2.3,67.05,82,4,6.64,FR,1661546058
laguna,38.421,-121.4238,94.64,38,0,3.44,US,1661546058
talnakh,69.4865,88.3972,36.21,85,96,6.71,RU,1661545995
sao desiderio,-12.3633,-44.9733,80.73,27,82,5.88,BR,1661546059
effingham,32.3669,-81.3332,88.9,70,94,5.46,US,1661546059
aklavik,68.2191,-135.0107,69.06,40,60,4.32,CA,1661546060
talakan,50.3167,130.3667,50.54,97,98,2.35,RU,1661546060
viedma,-40.8135,-62.9967,62.15,28,100,16.17,AR,1661546061
abu dhabi,24.4667,54.3667,95.02,26,0,5.75,AE,1661545937
severo-kurilsk,50.6789,156.125,55.83,79,100,4.14,RU,1661546062
san quintin,30.4833,-115.95,75.96,74,1,13.42,MX,1661546062
rio tercero,-32.173,-64.1141,78.46,43,99,5.95,AR,1661546063
hilo,19.7297,-155.09,86.29,73,75,7.0,US,1661545987
morfelden-walldorf,49.9947,8.5836,74.82,72,0,10.36,DE,1661546064
rawson,-43.3002,-65.1023,59.38,34,100,27.22,AR,1661546064
ponta do sol,32.6667,-17.1,74.03,57,31,4.43,PT,1661546065
mahebourg,-20.4081,57.7,70.25,73,40,12.66,MU,1661546065
santo antonio do ica,-3.1022,-67.9397,76.19,95,98,1.48,BR,1661546066
gangoh,29.7667,77.25,79.9,78,25,6.11,IN,1661546066
saskylakh,71.9167,114.0833,48.45,93,100,10.29,RU,1661546066
mount gambier,-37.8333,140.7667,40.91,100,75,8.05,AU,1661546067
boca do acre,-8.7522,-67.3978,95.67,31,77,2.51,BR,1661546067
nizhniy kuranakh,58.8353,125.4869,42.1,94,99,3.8,RU,1661546068
itarema,-2.9248,-39.9167,77.56,73,91,16.87,BR,1661546068
ambovombe,-25.1667,46.0833,68.23,75,0,6.87,MG,1661546069
hithadhoo,-0.6,73.0833,79.27,78,100,7.47,MV,1661546069
jiaohe,43.7286,127.3447,45.16,96,84,2.95,CN,1661546070
akyab,20.15,92.9,78.33,88,100,2.75,MM,1661546070
wanlaweyn,2.6185,44.8938,74.43,78,6,13.8,SO,1661546071
east london,-33.0153,27.9116,62.73,82,32,9.13,ZA,1661546071
furmanov,57.2508,41.1058,72.16,40,96,6.73,RU,1661546072
cooma,-36.2333,149.1333,38.97,100,100,8.05,AU,1661546072
kahului,20.8947,-156.47,84.22,71,75,17.27,US,1661545859
port blair,11.6667,92.75,80.28,84,99,7.38,IN,1661546073
souillac,-20.5167,57.5167,70.18,73,40,12.66,MU,1661546073
cockburn town,21.4612,-71.1419,85.96,62,20,9.22,TC,1661546074
avarua,-21.2078,-159.775,77.05,65,40,4.61,CK,1661546074
prainha,-1.8,-53.48,85.39,54,94,2.64,BR,1661546075
cidreira,-30.1811,-50.2056,63.36,86,64,5.99,BR,1661546075
mount isa,-20.7333,139.5,42.57,49,68,0.0,AU,1661546076
nabire,-3.3667,135.4833,74.01,91,49,3.2,ID,1661546076
montepuez,-13.1256,38.9997,64.42,77,45,5.19,MZ,1661546077
atuona,-9.8,-139.0333,76.71,68,6,21.92,PF,1661546077
kutum,14.2,24.6667,73.54,62,97,4.56,SD,1661546078
atar,20.5169,-13.0499,93.07,40,44,13.18,MR,1661546078
grand-lahou,5.1367,-5.0242,74.75,91,97,9.66,CI,1661546079
ilulissat,69.2167,-51.1,41.02,87,75,1.14,GL,1661546079
sinnamary,5.3833,-52.95,81.48,77,61,8.14,GF,1661546080
yumen,40.2833,97.2,69.4,29,100,15.28,CN,1661546080
srednekolymsk,67.45,153.6833,47.41,72,37,1.99,RU,1661546081
tasiilaq,65.6145,-37.6368,39.36,79,100,4.23,GL,1661546081
carbonia,39.1672,8.5222,79.02,59,70,2.75,IT,1661546082
ciudad guayana,8.3533,-62.6528,85.51,76,84,5.14,VE,1661545878
alyangula,-13.8483,136.4192,69.96,89,1,8.32,AU,1661546083
yellowknife,62.456,-114.3525,64.92,77,75,20.71,CA,1661546083
barcelos,41.5388,-8.6151,75.85,79,20,2.77,PT,1661546083
mardin,37.3131,40.7436,74.79,25,0,2.28,TR,1661546084
sao filipe,14.8961,-24.4956,79.11,80,84,3.83,CV,1661546084
ponta delgada,37.7333,-25.6667,75.51,88,20,4.61,PT,1661546085
kasangulu,-4.5911,15.1708,78.73,56,44,7.94,CD,1661546085
tiksi,71.6872,128.8694,44.98,83,72,5.61,RU,1661546086
puerto ayora,-0.7393,-90.3518,76.96,87,82,10.0,EC,1661546086
nouakchott,18.0858,-15.9785,80.53,87,100,12.77,MR,1661545916
ilhabela,-23.7781,-45.3581,68.86,89,62,1.41,BR,1661546087
lebu,-37.6167,-73.65,50.47,76,97,9.53,CL,1661546087
mar del plata,-38.0023,-57.5575,59.09,82,0,14.0,AR,1661546088
bredasdorp,-34.5322,20.0403,52.92,62,4,11.5,ZA,1661545914
hambantota,6.1241,81.1185,77.65,83,98,20.76,LK,1661546089
griffith,41.5284,-87.4237,80.15,70,75,13.8,US,1661545995
tezu,27.9167,96.1667,77.43,95,100,2.57,IN,1661546090
west wendover,40.7391,-114.0733,87.01,20,0,10.36,US,1661546090
oranjemund,-28.55,16.4333,53.24,79,0,11.92,NA,1661546091
hofn,64.2539,-15.2082,50.59,65,19,11.56,IS,1661546091
zhigansk,66.7697,123.3711,47.5,76,99,19.71,RU,1661546092
nantucket,41.2835,-70.0995,82.54,84,0,11.5,US,1661545937
grindavik,63.8424,-22.4338,52.27,58,0,11.5,IS,1661546092
cabo san lucas,22.8909,-109.9124,96.62,49,40,11.5,MX,1661545927
dikson,73.5069,80.5464,40.41,93,100,20.71,RU,1661546025
kasongo-lunda,-6.4667,16.8167,75.83,65,46,3.13,CD,1661546093
marion,39.7684,-86.1555,85.28,59,75,10.36,US,1661546094
margate,51.3813,1.3862,65.3,72,3,1.99,GB,1661546094
odessa,46.4775,30.7326,75.58,60,45,9.19,UA,1661546062
uni,57.7535,51.4923,64.4,70,36,4.32,RU,1661546095
port elizabeth,-33.918,25.5701,58.32,81,75,8.99,ZA,1661546095
flinders,-34.5833,150.8552,52.38,91,86,6.35,AU,1661546096
varhaug,58.6147,5.6457,57.47,78,33,19.62,NO,1661546097
phonhong,18.5007,102.4166,74.12,95,100,2.13,LA,1661546097
cayenne,4.9333,-52.3333,86.04,62,20,11.5,GF,1661546098
saint-pierre,-21.3393,55.4781,69.91,68,0,13.8,RE,1661546099
victoria,22.2855,114.1577,83.32,89,100,3.0,HK,1661545983
ola,59.5833,151.2833,53.91,87,43,0.72,RU,1661545993
egvekinot,66.3167,-179.1667,41.32,88,100,11.86,RU,1661546100
esmeraldas,-19.7625,-44.3139,78.04,44,92,6.67,BR,1661546100
awbari,26.5921,12.7805,89.55,22,11,7.94,LY,1661546101
cullman,34.1748,-86.8436,89.1,62,20,0.0,US,1661545947
katobu,-4.9408,122.5276,73.54,93,15,4.56,ID,1661546101
muros,42.7762,-9.0603,71.1,74,100,16.62,ES,1661546102
riverton,40.5219,-111.9391,92.44,29,0,10.0,US,1661546103
oistins,13.0667,-59.5333,78.89,94,75,9.22,BB,1661546103
sao joao da barra,-21.6403,-41.0511,75.29,77,47,15.35,BR,1661546104
camacha,33.0833,-16.3333,67.42,78,40,10.36,PT,1661546104
walvis bay,-22.9575,14.5053,54.55,87,0,3.44,NA,1661546105
poum,-20.2333,164.0167,73.67,81,100,9.08,NC,1661546105
los llanos de aridane,28.6585,-17.9182,69.55,88,20,18.41,ES,1661546106
tilichiki,60.4667,166.1,51.51,81,84,12.77,RU,1661545994
tianpeng,30.9866,103.9393,81.07,88,94,2.86,CN,1661546106
coihaique,-45.5752,-72.0662,40.95,75,75,4.61,CL,1661546107
tazovskiy,67.4667,78.7,41.22,90,100,9.1,RU,1661545935
kijang,35.2442,129.2139,69.53,73,83,2.8,KR,1661546108
honiara,-9.4333,159.95,78.35,81,71,3.74,SB,1661546108
port hardy,50.6996,-127.4199,64.58,63,75,17.27,CA,1661546108
airai,-8.9266,125.4092,53.62,81,47,3.04,TL,1661546109
batagay-alyta,67.8006,130.4114,47.62,78,100,2.26,RU,1661546109
arkhipo-osipovka,44.37,38.52,75.31,69,0,3.13,RU,1661546110
hovd,48.0056,91.6419,55.85,41,45,8.23,MN,1661546111
longhua,23.6137,114.1919,75.88,94,92,1.63,CN,1661546111
mana,5.6592,-53.7767,81.57,76,59,9.26,GF,1661546112
moche,-8.1711,-79.0092,64.58,72,40,12.66,PE,1661546112
padang,-0.9492,100.3543,76.62,87,94,4.18,ID,1661546113
provideniya,64.3833,-173.3,49.78,89,100,3.4,RU,1661546034
dunedin,-45.8742,170.5036,48.79,75,55,3.0,NZ,1661545845
new norfolk,-42.7826,147.0587,47.91,90,28,1.48,AU,1661546114
puerto ayacucho,5.6639,-67.6236,81.28,82,99,2.17,VE,1661546114
cardenas,23.0375,-81.2047,88.56,72,20,12.53,CU,1661546115
hammond,41.5834,-87.5,80.24,68,75,13.8,US,1661546115
porterville,36.0652,-119.0168,102.76,23,0,8.05,US,1661546116
zonguldak,41.25,31.8333,62.65,89,99,3.78,TR,1661546116
quatre cocos,-20.2078,57.7625,70.09,71,4,15.75,MU,1661546117
gamba,-2.65,10.0,73.38,84,91,6.4,GA,1661546117
upernavik,72.7868,-56.1549,41.14,79,100,3.69,GL,1661546118
tabuk,17.4189,121.4443,73.35,91,100,2.59,PH,1661546118
nikolskoye,59.7035,30.7861,60.8,97,1,4.05,RU,1661546119
teknaf,20.8624,92.3058,78.55,88,100,5.99,BD,1661546119
lalpur,22.2,69.9667,77.65,76,7,7.31,IN,1661546120
saint-louis,16.3333,-15.0,89.49,53,86,8.39,SN,1661546120
santa rosa,14.3122,121.1114,80.11,91,93,3.29,PH,1661545784
tuburan,6.6439,122.2736,80.47,75,20,4.41,PH,1661546121
mehamn,71.0357,27.8492,51.71,100,0,2.3,NO,1661546122
beyneu,45.3167,55.2,76.23,21,0,8.37,KZ,1661546122
bikaner,28.0167,73.3,83.61,59,30,8.72,IN,1661546123
muroto,33.2833,134.15,80.42,71,55,3.4,JP,1661546123
thunder bay,48.4001,-89.3168,78.78,50,40,13.8,CA,1661546011
capiibary,-24.8,-56.0333,74.12,51,0,3.56,PY,1661546124
quzhou,28.9594,118.8686,80.2,72,100,0.27,CN,1661546125
riyadh,24.6877,46.7219,93.34,15,65,6.76,SA,1661546110
pangai,-19.8,-174.35,73.51,83,75,6.91,TO,1661546126
wenling,28.3669,121.36,79.84,86,100,3.47,CN,1661546126
sitka,57.0531,-135.33,58.89,82,75,6.91,US,1661545836
thompson,55.7435,-97.8558,71.76,73,75,8.05,CA,1661546127
korla,41.7597,86.1469,71.22,44,100,13.8,CN,1661546127
young,-32.6833,-57.6333,70.81,78,68,13.29,UY,1661546128
zemio,5.0314,25.1361,66.38,97,100,0.38,CF,1661546128
singaraja,-8.112,115.0882,76.41,83,69,5.66,ID,1661546129
betioky,-23.7167,44.3833,68.77,56,8,5.64,MG,1661546129
aksu,41.1231,80.2644,66.18,51,100,5.99,CN,1661546130
wanxian,30.8039,108.3897,81.03,73,81,2.46,CN,1661546130
te anau,-45.4167,167.7167,39.45,93,80,0.58,NZ,1661546131
nancha,47.1333,129.2667,45.75,93,100,2.33,CN,1661546131
inhambane,-23.865,35.3833,69.37,77,0,10.83,MZ,1661546132
galiakot,23.5167,74.0,76.57,76,6,4.23,IN,1661546132
kloulklubed,7.0419,134.2556,83.07,74,84,9.37,PW,1661546133
barreirinha,-2.7933,-57.07,79.52,76,99,6.44,BR,1661546133
alice springs,-23.7,133.8833,35.15,60,87,4.61,AU,1661546134
merauke,-8.4667,140.3333,75.45,91,82,10.56,ID,1661546134
artigas,-30.4,-56.4667,69.31,85,71,8.52,UY,1661546135
aragats,40.4889,44.3528,67.57,45,0,3.62,AM,1661546135
lompoc,34.6391,-120.4579,94.78,67,0,12.66,US,1661545857
itupiranga,-5.1347,-49.3267,93.52,44,76,2.8,BR,1661546136
moose factory,51.2585,-80.6094,66.2,39,0,9.22,CA,1661546136
comillas,15.3982,120.7007,80.15,92,97,1.48,PH,1661546137
andros town,24.7,-77.7667,85.87,65,97,11.34,BS,1661546137
spas-klepiki,55.1347,40.1767,72.41,37,90,5.21,RU,1661546138
kenai,60.5544,-151.2583,55.49,97,100,5.75,US,1661545916
lebanon,36.2081,-86.2911,90.36,65,0,4.61,US,1661545819
cienaga de oro,8.8744,-75.6203,82.15,70,82,5.35,CO,1661546139
xuddur,4.1213,43.8894,72.52,64,100,18.37,SO,1661546139
kaseda,31.4167,130.3167,77.5,75,83,7.52,JP,1661546140
silves,37.1892,-8.4382,71.53,77,4,10.4,PT,1661546140
blagoyevo,63.3667,47.9167,49.68,83,36,2.06,RU,1661546141
hami,42.8,93.45,71.71,36,97,12.46,CN,1661546141
pangnirtung,66.1451,-65.7125,50.0,57,100,11.5,CA,1661546142
pacific grove,36.6177,-121.9166,76.55,87,20,10.36,US,1661546142
caravelas,-17.7125,-39.2481,70.34,76,88,5.46,BR,1661546143
jinchang,38.4953,102.1739,64.11,53,92,4.14,CN,1661546143
lagoa,39.05,-27.9833,72.72,75,100,6.22,PT,1661546144
nyurba,63.2842,118.3319,47.08,94,100,9.01,RU,1661546144
roermond,51.1833,5.9833,69.71,75,79,4.0,NL,1661546145
danielskuil,-28.1887,23.5395,51.24,24,0,7.74,ZA,1661546145
brae,60.3964,-1.353,53.47,88,41,13.11,GB,1661546146
high level,58.5169,-117.136,82.51,32,40,9.22,CA,1661546146
englewood,39.6478,-104.9878,85.39,33,75,8.05,US,1661546147
dongobesh,-4.0667,35.3833,53.62,78,60,7.76,TZ,1661546147
yulara,-25.2406,130.9889,45.36,41,0,7.85,AU,1661546148
basco,20.4487,121.9702,85.46,76,100,8.9,PH,1661546148
micheweni,-4.9667,39.8333,74.84,78,24,14.83,TZ,1661546149
turukhansk,65.8167,87.9833,35.82,79,100,3.87,RU,1661546149
midleton,51.9153,-8.1805,62.38,71,35,7.72,IE,1661546150
montrose,38.4166,-108.2673,63.81,43,53,3.15,US,1661546150
carnarvon,-24.8667,113.6333,63.79,76,4,15.73,AU,1661546151
buzmeyin,38.0507,58.2056,71.33,26,0,6.91,TM,1661546151
ulladulla,-35.35,150.4667,51.55,88,62,4.83,AU,1661546152
longyearbyen,78.2186,15.6401,40.84,70,40,5.75,SJ,1661546152
mezen,65.8522,44.24,51.78,87,31,5.68,RU,1661546153
lavrentiya,65.5833,-171.0,44.15,92,100,2.26,RU,1661546153
lata,40.1629,-8.3327,64.81,88,0,0.76,PT,1661546153
pevek,69.7008,170.3133,35.38,95,100,6.76,RU,1661546154
rio grande,-32.035,-52.0986,73.51,88,99,9.4,BR,1661546154
santa fe,-31.6333,-60.7,82.98,54,25,17.0,AR,1661546086
chokurdakh,70.6333,147.9167,42.58,74,56,5.32,RU,1661546155
antakya,36.2066,36.1572,76.82,73,0,4.99,TR,1661545875
kalaleh,37.3807,55.4916,70.16,28,0,3.65,IR,1661546156
kutno,52.2306,19.3641,77.09,48,9,6.93,PL,1661546157
kibi,6.1649,-0.5538,69.94,96,87,2.37,GH,1661546158
primorsk,46.7348,36.3443,81.39,36,7,24.47,UA,1661546158
lerwick,60.1545,-1.1494,55.4,87,22,13.13,GB,1661546159
vaitape,-16.5167,-151.75,77.14,68,0,5.97,PF,1661546159
innisfail,-17.5333,146.0333,68.41,89,100,8.21,AU,1661546159
aswan,24.0934,32.907,92.5,22,0,8.05,EG,1661545936
sioux lookout,50.1001,-91.917,75.27,64,75,5.75,CA,1661546160
hamilton,39.1834,-84.5333,86.88,59,40,6.91,US,1661546106
tres palos,18.1833,-101.6167,79.25,86,100,4.63,MX,1661546161
ixtapa,20.7,-105.2,89.22,74,40,10.36,MX,1661546162
broome,42.2506,-75.833,81.01,67,99,3.0,US,1661546162
saint george,37.1041,-113.5841,96.8,27,0,6.91,US,1661545926
narok,-1.0783,35.8601,58.35,80,100,3.33,KE,1661546163
grafenau,48.8577,13.3974,65.01,86,22,1.5,DE,1661546164
santa cruz,-17.8,-63.1667,89.65,37,20,16.11,BO,1661546164
leh,34.1667,77.5833,62.46,48,18,6.89,IN,1661546165
grand gaube,-20.0064,57.6608,70.38,70,0,7.0,MU,1661546166
jalu,29.0331,21.5482,81.55,41,0,8.14,LY,1661546166
luderitz,-26.6481,15.1594,54.14,74,0,19.39,NA,1661546166
inzhavino,52.3185,42.4937,69.53,35,99,8.14,RU,1661546167
batagay,67.6333,134.6333,49.59,77,25,3.38,RU,1661546168
quelimane,-17.8786,36.8883,73.35,88,0,10.36,MZ,1661546168
fortuna,40.5982,-124.1573,63.99,90,100,13.8,US,1661546169
adre,13.4667,22.2,69.76,87,100,5.19,TD,1661546169
banda aceh,5.5577,95.3222,79.66,75,100,12.46,ID,1661546170
chalatenango,14.0333,-88.9333,86.58,67,60,0.38,SV,1661546170
dukat,62.55,155.55,45.21,81,57,3.11,RU,1661546171
kaitangata,-46.2817,169.8464,44.64,85,100,7.56,NZ,1661546171
belaya kholunitsa,58.84,50.8528,59.49,97,66,3.91,RU,1661545995
salinopolis,-0.6136,-47.3561,79.09,84,5,10.27,BR,1661546172
belaya gora,68.5333,146.4167,47.89,48,51,4.36,RU,1661546173
kulaman,6.4594,124.0892,77.05,83,57,3.36,PH,1661546173
sobolevo,54.4299,31.8996,66.96,55,72,6.51,RU,1661546174
saint-joseph,-21.3667,55.6167,68.38,77,19,14.2,RE,1661546174
moranbah,-22.0016,148.0466,52.9,93,0,10.89,AU,1661546174
santiago,-33.4569,-70.6483,62.85,61,100,11.5,CL,1661545940
kavieng,-2.5744,150.7967,81.75,78,99,15.23,PG,1661546175
police,53.5521,14.5718,74.53,95,11,5.21,PL,1661546176
dano,11.15,-3.0667,73.24,94,88,5.26,BF,1661546176
naguabo,18.2116,-65.7349,86.68,83,75,10.36,PR,1661546177
narrabri,-30.3167,149.7833,46.53,89,32,3.0,AU,1661546177
veraval,20.9,70.3667,79.66,78,94,8.55,IN,1661546178
sabzevar,36.2126,57.6819,67.28,19,0,16.11,IR,1661546178
labytnangi,66.6572,66.4183,45.73,68,100,9.22,RU,1661546179
san buenaventura,27.0833,-101.5333,87.48,65,75,4.61,MX,1661546179
esperance,-33.8667,121.9,51.64,64,0,11.39,AU,1661546116
mallaig,54.2169,-111.3685,80.89,34,5,8.39,CA,1661546180
codrington,-38.2667,141.9667,50.02,83,100,5.37,AU,1661546180
norman wells,65.282,-126.8329,69.84,46,40,0.0,CA,1661546181
riohacha,11.5444,-72.9072,87.91,45,75,5.75,CO,1661546181
san pedro,14.35,121.0167,79.36,92,40,0.0,PH,1661546182
port lincoln,-34.7333,135.8667,54.27,73,100,9.08,AU,1661546173
quang ngai,15.1167,108.8,76.87,80,52,4.03,VN,1661546183
bayji,34.9311,43.487,91.72,19,0,16.93,IQ,1661546183
vangaindrano,-23.35,47.6,64.45,91,44,4.21,MG,1661546184
moerai,-22.4333,-151.3333,71.51,77,100,29.97,PF,1661546185
fairbanks,64.8378,-147.7164,62.6,63,100,5.01,US,1661545370
punta cardon,11.6581,-70.215,85.6,66,82,16.15,VE,1661546185
svetlyy,54.675,20.1347,71.96,76,8,9.42,RU,1661546186
poya,-21.35,165.15,71.82,87,100,6.26,NC,1661546186
nalut,30.3333,10.85,85.84,29,1,13.56,LY,1661546187
freeport,40.6576,-73.5832,86.38,67,75,18.41,US,1661546187
morros,-9.4467,-46.3003,84.38,25,22,5.68,BR,1661546188
lapeer,43.0514,-83.3188,77.95,44,0,11.5,US,1661546188
miandrivazo,-19.5167,45.4667,71.37,73,6,1.57,MG,1661546189
marsh harbour,26.5412,-77.0636,84.25,68,33,7.96,BS,1661546130
garachine,8.0647,-78.3628,81.45,81,75,9.33,PA,1661546190
kushiro,42.975,144.3747,63.3,96,100,6.42,JP,1661546190
lianran,24.9227,102.485,61.34,94,98,3.02,CN,1661546191
prince rupert,54.3161,-130.3201,59.09,88,100,17.27,CA,1661546109
vostok,46.4856,135.8833,48.22,76,99,3.8,RU,1661546191
dingle,10.9995,122.6711,75.47,91,100,4.45,PH,1661546192
kawalu,-7.3817,108.2082,71.02,98,100,1.74,ID,1661546192
rocha,-34.4833,-54.3333,67.17,82,8,5.41,UY,1661546193
karaj,35.8355,51.0103,72.12,20,0,6.91,IR,1661546193
altamont,42.2068,-121.7372,87.89,29,0,9.22,US,1661546189
champerico,14.3,-91.9167,91.94,72,61,9.26,GT,1661546194
svetlogorsk,52.6333,29.7333,69.76,45,27,7.18,BY,1661546195
darhan,49.4867,105.9228,48.79,76,5,5.99,MN,1661546195
goderich,43.7501,-81.7165,71.91,73,47,13.8,CA,1661546196
drakhtik,40.565,45.2367,56.66,52,0,2.75,AM,1661546196
kirakira,-10.4544,161.9205,80.04,81,7,9.71,SB,1661546196
clyde river,70.4692,-68.5914,37.63,93,100,4.61,CA,1661546197
mao,39.8885,4.2658,77.56,73,0,4.61,ES,1661546197
pisco,-13.7,-76.2167,62.65,77,20,9.22,PE,1661546198
martapura,-3.4167,114.85,73.49,100,42,2.3,ID,1661546198
sanchor,24.7553,71.7722,79.83,71,0,6.29,IN,1661546199
acapulco,16.8634,-99.8901,85.82,70,100,6.91,MX,1661546199
anaconda,46.1285,-112.9423,63.59,31,86,11.34,US,1661546200
buala,-8.145,159.5921,80.74,75,37,5.88,SB,1661546200
lichinga,-13.3128,35.2406,62.74,59,99,6.98,MZ,1661546201
amapa,1.0,-52.0,81.28,68,73,2.66,BR,1661546201
nome,64.5011,-165.4064,50.16,93,100,8.05,US,1661546202
bunda,-2.05,33.8667,71.42,63,68,3.89,TZ,1661546202
fukue,32.6881,128.8419,78.76,70,65,13.62,JP,1661546203
changji,44.0167,87.3167,68.79,45,0,4.47,CN,1661546203
robertsport,6.7533,-11.3686,77.58,85,97,10.6,LR,1661546204
kainantu,-6.2887,145.8655,57.15,89,53,1.66,PG,1661546205
dali,25.7,100.1833,63.39,91,100,3.15,CN,1661546205
saint-francois,46.4154,3.9054,65.64,82,75,6.91,FR,1661546205
shellbrook,53.2168,-106.4011,83.43,26,65,14.76,CA,1661546206
kruisfontein,-34.0033,24.7314,52.88,70,84,3.89,ZA,1661546206
beloha,-25.1667,45.05,67.89,72,0,6.8,MG,1661546207
pandan,14.0453,124.1694,78.76,88,100,12.01,PH,1661546207
conde,-7.2597,-34.9075,78.26,69,0,12.66,BR,1661546208
naze,28.3667,129.4833,77.92,83,93,5.28,JP,1661546208
paysandu,-32.3214,-58.0756,75.6,79,84,14.45,UY,1661546209
giresun,40.5,38.5,51.89,46,0,2.3,TR,1661546209
fort frances,48.5999,-93.4003,82.17,49,0,8.05,CA,1661546143
masuguru,-11.3667,38.4167,74.16,60,100,7.58,TZ,1661546210
kambove,-10.8764,26.5969,66.11,37,24,3.38,CD,1661546210
sur,22.5667,59.5289,81.73,70,1,14.18,OM,1661546211
ahipara,-35.1667,173.1667,57.47,74,87,10.11,NZ,1661546211
camabatela,-8.1881,15.375,62.8,87,28,6.29,AO,1661546212
nhulunbuy,-12.2333,136.7667,74.01,88,75,9.22,AU,1661546212
serra talhada,-7.9919,-38.2983,73.33,65,96,18.25,BR,1661546213
kavaratti,10.5669,72.642,80.22,80,100,18.77,IN,1661546213
alindao,5.0267,21.2088,68.4,98,89,3.44,CF,1661546214
pascagoula,30.3658,-88.5561,84.25,88,20,4.61,US,1661546054
omboue,-1.5746,9.2618,73.99,84,97,9.31,GA,1661546214
mersing,2.4312,103.8405,75.11,88,20,2.3,MY,1661546215
xiuyan,40.2928,123.2744,50.63,74,0,4.5,CN,1661546215
norsup,-16.0667,167.3833,79.43,74,30,16.87,VU,1661546216
minna,9.6139,6.5569,74.91,94,40,3.44,NG,1661546216
nichinan,31.6,131.3667,75.0,77,54,3.74,JP,1661546217
blacksburg,37.2296,-80.4139,85.48,66,40,0.0,US,1661545924
baykit,61.67,96.37,39.33,88,100,2.39,RU,1661546217
traralgon,-38.1833,146.5333,41.7,99,19,1.59,AU,1661546218
yarada,17.65,83.2667,82.72,89,75,2.3,IN,1661546218
callaway,30.153,-85.5699,88.92,80,0,1.01,US,1661546219
karakol,42.4907,78.3936,47.41,75,39,3.13,KG,1661546219
lamovita,44.9256,16.9072,70.52,75,3,2.73,BA,1661546220
kadhan,24.481,68.9859,78.78,75,2,10.92,PK,1661546220
ayabaca,-4.6398,-79.7149,62.1,45,74,6.4,PE,1661546221
samarai,-10.6167,150.6667,78.84,86,97,17.36,PG,1661546221
kaeo,-35.1,173.7833,57.33,93,45,8.32,NZ,1661546222
lake charles,30.2131,-93.2044,88.02,70,40,8.05,US,1661546222
libertador general san martin,-23.8064,-64.7876,93.97,26,1,6.46,AR,1661546223
kamphaeng phet,16.25,99.5,73.29,96,100,0.54,TH,1661546223
yenagoa,4.9247,6.2642,74.17,91,100,6.38,NG,1661546224
ahuimanu,21.4447,-157.8378,85.71,64,40,10.36,US,1661546224
sungaipenuh,-2.0833,101.3833,62.33,94,100,3.18,ID,1661546225
homer,59.6425,-151.5483,55.29,90,100,5.01,US,1661546225
pundaguitan,6.3711,126.1689,82.56,65,58,3.42,PH,1661546226
sholokhovskiy,48.2807,41.0459,74.19,19,24,12.55,RU,1661546226
hobyo,5.3505,48.5268,75.29,86,4,22.59,SO,1661546227
richards bay,-28.783,32.0377,62.6,92,19,1.83,ZA,1661546227
kant,27.8,79.8,84.09,66,67,5.75,IN,1661546228
katsuura,35.1333,140.3,81.32,88,100,10.78,JP,1661546228
illapel,-31.6308,-71.1653,62.98,64,75,6.2,CL,1661546172
jumla,29.2747,82.1838,62.65,93,81,0.31,NP,1661546229
wattegama,6.7989,81.4808,75.09,83,100,5.91,LK,1661546230
puerto escondido,15.85,-97.0667,86.83,66,40,9.22,MX,1661546230
bambous virieux,-20.3428,57.7575,70.21,73,40,12.66,MU,1661546231
preobrazheniye,42.9019,133.9064,61.07,73,99,8.16,RU,1661546231
vila franca do campo,37.7167,-25.4333,75.2,82,34,3.29,PT,1661546139
lengshuijiang,27.6881,111.4294,78.3,72,80,2.77,CN,1661546232
sun valley,39.5963,-119.776,95.05,11,0,16.11,US,1661546232
mizusawa,39.1333,141.1333,69.98,98,100,2.04,JP,1661546233
diplo,24.4667,69.584,79.81,72,0,12.3,PK,1661546233
leshan,29.5623,103.7639,75.33,96,100,2.19,CN,1661546234
sao sebastiao,-23.76,-45.4097,69.01,89,75,1.59,BR,1661545967
manta,-0.95,-80.7333,78.58,73,75,6.91,EC,1661546234
isangel,-19.55,169.2667,76.15,76,34,13.6,VU,1661546235
boston,42.3584,-71.0598,85.44,64,75,17.27,US,1661545505
rajura,19.7833,79.3667,75.72,92,84,5.12,IN,1661546236
dicabisagan,17.0818,122.4157,77.74,92,96,3.85,PH,1661546236
paraiso,9.8383,-83.8656,74.95,87,79,3.56,CR,1661546237
iqaluit,63.7506,-68.5145,42.53,86,100,18.41,CA,1661546237
mitsamiouli,-11.3847,43.2844,71.89,78,20,6.91,KM,1661546229
husavik,66.0449,-17.3389,43.92,73,100,13.09,IS,1661546238
razdolinsk,58.4211,94.6658,47.28,80,97,3.22,RU,1661546238
arraial do cabo,-22.9661,-42.0278,73.36,73,0,17.27,BR,1661546239
madang,-5.2246,145.7966,76.82,89,55,3.65,PG,1661546240
loukhi,66.0764,33.0381,56.32,75,12,5.57,RU,1661546240
erenhot,43.6475,111.9767,54.01,25,0,4.07,CN,1661546241
talcahuano,-36.7167,-73.1167,55.08,62,0,18.41,CL,1661546243
narsaq,60.9167,-46.05,44.82,96,100,3.78,GL,1661546243
hirado,33.3597,129.5531,69.39,67,81,6.96,JP,1661546244
murayama,38.5193,140.3346,71.44,98,98,0.81,JP,1661546244
canto do buriti,-8.11,-42.9444,84.51,26,29,10.51,BR,1661546245
kalga,50.9251,118.898,44.15,72,12,4.59,RU,1661546245
san felipe,10.3399,-68.7425,88.59,49,91,5.32,VE,1661546246
pitimbu,-7.4706,-34.8086,79.39,78,33,15.73,BR,1661546246
olinda,-8.0089,-34.8553,78.53,65,20,14.97,BR,1661546247
itoman,26.1247,127.6694,77.77,93,75,11.5,JP,1661546247
seoul,37.5683,126.9778,67.44,85,0,8.05,KR,1661546185
alofi,-19.0595,-169.9187,76.89,69,40,14.97,NU,1661546064
boyolangu,-8.1181,111.8935,73.24,90,92,5.28,ID,1661546250
tessalit,20.1986,1.0114,97.38,16,11,10.92,ML,1661546251
talaya,61.3833,152.75,49.37,73,25,4.83,RU,1661546251
praia da vitoria,38.7333,-27.0667,73.76,94,75,1.19,PT,1661546252
huilong,31.8111,121.655,79.93,94,100,10.09,CN,1661546253
kaura namoda,12.5898,6.5779,72.3,93,100,5.57,NG,1661546254
shieli,44.1667,66.75,71.83,22,1,9.84,KZ,1661546255
churhat,24.428,81.6703,76.53,91,9,5.61,IN,1661546256
emba,48.8264,58.1442,74.28,43,32,3.8,KZ,1661546256
portland,45.5234,-122.6762,82.87,54,1,1.01,US,1661546198
opuwo,-18.0607,13.84,64.4,41,0,4.03,NA,1661546258
rabak,13.1809,32.74,82.47,57,21,8.05,SD,1661546259
ribeira grande,38.5167,-28.7,75.6,73,40,5.75,PT,1661546260
vurgun,41.0942,45.4716,71.42,34,0,2.48,AZ,1661546260
kangaba,11.9333,-8.4167,74.12,93,100,4.03,ML,1661546261
kununurra,-15.7667,128.7333,48.18,81,2,0.0,AU,1661546262
penzance,50.1186,-5.5371,59.77,79,43,11.59,GB,1661546263
mashhad,36.297,59.6062,64.54,39,0,4.61,IR,1661546264
marienburg,54.0359,19.0266,74.88,52,8,6.06,PL,1661546264
gat,31.61,34.7642,80.82,100,0,9.44,IL,1661546265
udachnyy,66.4167,112.4,41.45,86,100,14.88,RU,1661546266
yabrud,33.9674,36.6574,69.4,44,0,1.14,SY,1661546268
nsanje,-16.92,35.262,73.99,64,12,5.41,MW,1661546269
pemangkat,1.1667,108.9667,76.98,88,92,7.47,ID,1661546269
tygda,53.1167,126.3333,50.2,78,100,3.33,RU,1661546270
amarpur,25.0333,86.9,87.31,63,100,4.79,IN,1661546270
chukhloma,58.7525,42.6825,64.11,68,34,2.62,RU,1661546271
yunhe,34.0833,119.7167,72.61,88,100,3.27,CN,1661546273
ambon,-3.6954,128.1814,80.74,83,40,6.91,ID,1661546273
mayumba,-3.432,10.6554,72.86,87,85,6.42,GA,1661546274
vershino-darasunskiy,52.35,115.5167,40.57,82,16,4.45,RU,1661546274
cayhagan,9.6697,122.4256,77.67,81,100,3.24,PH,1661546275
mount pleasant,32.7941,-79.8626,88.99,75,40,8.05,US,1661546215
yatou,37.15,122.3833,65.07,52,100,9.44,CN,1661546276
helensburgh,56.0061,-4.7265,58.41,96,88,3.69,GB,1661546278
xining,36.6167,101.7667,59.7,75,99,0.4,CN,1661546278
sicamous,50.8331,-118.9856,89.19,36,17,3.42,CA,1661546072
bulawayo,-20.15,28.5833,61.03,31,0,6.02,ZW,1661546279
carauari,-4.8828,-66.8958,88.7,50,86,4.45,BR,1661546279
sheksna,59.21,38.5107,66.16,74,94,5.61,RU,1661546282
saint-augustin,51.226,-58.6502,61.84,67,100,8.03,CA,1661546283
tanda,26.55,82.65,84.99,70,99,2.51,IN,1661546283
bras-panon,-20.9967,55.6782,69.89,87,22,15.14,RE,1661546284
batemans bay,-35.7167,150.1833,52.11,83,86,3.62,AU,1661546116
yanam,16.7333,82.2167,78.64,88,100,3.04,IN,1661546284
whitehorse,60.7161,-135.0538,61.57,41,75,6.91,CA,1661546015
auki,-8.7676,160.7034,79.05,77,15,4.09,SB,1661546287
shizunai,42.3339,142.3669,66.49,88,78,5.39,JP,1661546288
tokmak,47.2514,35.7058,80.01,18,35,19.3,UA,1661546288
umm lajj,25.0213,37.2685,89.1,49,88,5.66,SA,1661546289
wanning,18.8003,110.3967,79.97,89,100,7.16,CN,1661546290
sena madureira,-9.0656,-68.6569,98.31,23,21,0.72,BR,1661546291
saldanha,-33.0117,17.9442,48.25,79,7,7.52,ZA,1661546292
kimbe,-5.5502,150.1429,76.44,89,25,3.0,PG,1661546292
birao,10.2849,22.7882,69.93,96,75,4.65,CF,1661546293
phan thiet,10.9333,108.1,75.58,79,17,5.66,VN,1661546294
payakumbuh,-0.2202,100.6308,69.66,97,100,0.92,ID,1661546295
san juan,-31.5375,-68.5364,78.42,15,45,9.13,AR,1661546296
sawtell,-30.3833,153.1,53.62,82,40,8.05,AU,1661546297
nouadhibou,20.931,-17.0347,73.38,83,100,17.27,MR,1661546297
tanggul,-8.1645,113.4525,72.32,92,99,1.01,ID,1661546298
taywarah,33.35,64.4167,52.79,21,0,5.06,AF,1661546299
isiro,2.7739,27.616,65.53,100,100,0.22,CD,1661546300
fort pierce,27.4467,-80.3256,91.45,72,100,11.99,US,1661546301
mbuguni,-3.5667,36.95,65.82,70,55,9.51,TZ,1661546301
puri,19.8,85.85,82.92,77,90,10.45,IN,1661546302
linhares,-19.3911,-40.0722,71.26,69,63,7.16,BR,1661546303
asau,46.4333,26.4,70.72,50,0,4.29,RO,1661546304
mayo,38.8876,-76.5119,94.08,66,40,10.36,US,1661546305
port moresby,-9.4431,147.1797,74.62,94,75,3.44,PG,1661546306
shimoda,34.6667,138.95,78.1,85,99,6.49,JP,1661546306
linxia,35.6003,103.2064,64.17,79,98,2.21,CN,1661546307
bartica,6.4,-58.6167,73.72,94,45,3.36,GY,1661546307
faanui,-16.4833,-151.75,77.16,68,0,6.04,PF,1661546309
eenhana,-17.4667,16.3333,65.41,24,5,6.42,NA,1661546310
osa,57.2829,55.4567,60.91,74,59,2.1,RU,1661546310
macapa,0.0389,-51.0664,89.58,62,20,6.91,BR,1661546161
puerto palomas,31.7667,-107.6167,86.25,33,96,7.67,MX,1661546311
tomatlan,19.9333,-105.25,84.16,87,83,6.73,MX,1661546312
charlestown,-32.95,151.6667,52.68,96,49,6.96,AU,1661546313
ostrovnoy,68.0531,39.5131,56.46,79,76,18.99,RU,1661546314
sumbal,34.2333,74.6333,63.48,82,38,1.34,IN,1661546315
bekhtery,46.251,32.2927,71.06,65,52,9.26,UA,1661546315
imbituba,-28.24,-48.6703,69.1,87,0,8.99,BR,1661546316
aksarka,66.5606,67.7975,42.44,75,100,11.05,RU,1661546316
geraldton,-28.7667,114.6,52.21,93,75,0.0,AU,1661546317
dhrangadhra,22.9833,71.4667,80.11,71,82,8.52,IN,1661546320
dolores,-36.3132,-57.6792,60.4,79,12,10.04,AR,1661546320
nemuro,43.3236,145.575,62.94,96,100,10.11,JP,1661546321
cururupu,-1.8283,-44.8683,77.05,79,62,3.91,BR,1661546306
eureka,40.8021,-124.1637,64.26,88,51,5.01,US,1661546322
terra santa,-2.1042,-56.4869,87.8,51,100,4.34,BR,1661546323
